Title,Description,Published
Hibernate Tut#4,Tut#4 Description,0
Microservices Tut#6,Tut#6 Description,0
MongoDB Database Tut#7,Tut#7 Description,1
MySQL Database Tut#3,Tut#3 Description,1
Spring Boot Tut#1,Tut#1 Description,0
Spring Cloud Tut#5,Tut#5 Description,1
Spring Data JPA Tut#8,Tut#8 Description,1
Spring Data Tut#2,Tut#2 Description,1
Title - 1,Description,1
Title - 10,Description,0
Title - 11,Description,1
Title - 12,Description,0
Title - 13,Description,1
Title - 14,Description,0
Title - 2,Description,0
Title - 3,Description,1
Title - 4,Description,0
Title - 5,Description,1
Title - 6,Description,0
Title - 7,Description,1
Title - 8,Description,0
Title - 9,Description,1
